{
    "0": {
        "precision": 0.8178042614662333,
        "recall": 0.9691846779370854,
        "f1-score": 0.8870825580256586,
        "support": 4673.0
    },
    "1": {
        "precision": 0.6883116883116883,
        "recall": 0.23963828183873398,
        "f1-score": 0.3555058692006708,
        "support": 1327.0
    },
    "accuracy": 0.8078333333333333,
    "macro avg": {
        "precision": 0.7530579748889608,
        "recall": 0.6044114798879097,
        "f1-score": 0.6212942136131647,
        "support": 6000.0
    },
    "weighted avg": {
        "precision": 0.7891648207035531,
        "recall": 0.8078333333333333,
        "f1-score": 0.7695155136805322,
        "support": 6000.0
    }
}