{
    "0": {
        "precision": 0.8652751423149905,
        "recall": 0.6830729723946073,
        "f1-score": 0.7634537192059316,
        "support": 4673.0
    },
    "1": {
        "precision": 0.35915188230203376,
        "recall": 0.6254709871891485,
        "f1-score": 0.4562946673996702,
        "support": 1327.0
    },
    "accuracy": 0.6703333333333333,
    "macro avg": {
        "precision": 0.6122135123085122,
        "recall": 0.6542719797918779,
        "f1-score": 0.6098741933028009,
        "support": 6000.0
    },
    "weighted avg": {
        "precision": 0.7533375479754582,
        "recall": 0.6703333333333333,
        "f1-score": 0.6955203755814469,
        "support": 6000.0
    }
}