{
    "0": {
        "precision": 0.8389133346087622,
        "recall": 0.9383693558741708,
        "f1-score": 0.8858585858585859,
        "support": 4673.0
    },
    "1": {
        "precision": 0.6274256144890039,
        "recall": 0.3654860587792012,
        "f1-score": 0.46190476190476193,
        "support": 1327.0
    },
    "accuracy": 0.8116666666666666,
    "macro avg": {
        "precision": 0.733169474548883,
        "recall": 0.651927707326686,
        "f1-score": 0.673881673881674,
        "support": 6000.0
    },
    "weighted avg": {
        "precision": 0.7921393005089423,
        "recall": 0.8116666666666666,
        "f1-score": 0.7920941317941318,
        "support": 6000.0
    }
}