{
    "0": {
        "precision": 0.8378120830951019,
        "recall": 0.9407233040873101,
        "f1-score": 0.8862903225806451,
        "support": 4673.0
    },
    "1": {
        "precision": 0.6321381142098274,
        "recall": 0.35870384325546345,
        "f1-score": 0.4576923076923077,
        "support": 1327.0
    },
    "accuracy": 0.812,
    "macro avg": {
        "precision": 0.7349750986524646,
        "recall": 0.6497135736713868,
        "f1-score": 0.6719913151364764,
        "support": 6000.0
    },
    "weighted avg": {
        "precision": 0.7923238569766421,
        "recall": 0.812,
        "f1-score": 0.7914987282878412,
        "support": 6000.0
    }
}