{
    "0": {
        "precision": 0.8519203121790923,
        "recall": 0.8876524716456238,
        "f1-score": 0.8694194089289458,
        "support": 4673.0
    },
    "1": {
        "precision": 0.5358090185676393,
        "recall": 0.4566691785983421,
        "f1-score": 0.49308380797396256,
        "support": 1327.0
    },
    "accuracy": 0.7923333333333333,
    "macro avg": {
        "precision": 0.6938646653733658,
        "recall": 0.6721608251219829,
        "f1-score": 0.6812516084514542,
        "support": 6000.0
    },
    "weighted avg": {
        "precision": 0.7820070310753592,
        "recall": 0.7923333333333333,
        "f1-score": 0.7861865185177352,
        "support": 6000.0
    }
}