{
    "0": {
        "precision": 0.8460159362549801,
        "recall": 0.9088380055638776,
        "f1-score": 0.8763024863303415,
        "support": 4673.0
    },
    "1": {
        "precision": 0.5653061224489796,
        "recall": 0.41748304446119067,
        "f1-score": 0.4802774165583008,
        "support": 1327.0
    },
    "accuracy": 0.8001666666666667,
    "macro avg": {
        "precision": 0.7056610293519798,
        "recall": 0.6631605250125341,
        "f1-score": 0.6782899514443211,
        "support": 6000.0
    },
    "weighted avg": {
        "precision": 0.7839322824348863,
        "recall": 0.8001666666666667,
        "f1-score": 0.7887149417324251,
        "support": 6000.0
    }
}